{
    "formData": {
        "language": {
            "GEO": {
                "fields": [
                    {
                        "name": "gmapCoord",
                        "type": "text",
                        "placeholder": "ლოკაცია",
                        "required": "false",
                        "id": "cgmapCoord",
                        "ng-model": "contact.gmapCoord",
                        "visibility": "default",
                        "value": ""
                    },
                    {
                        "name": "mobile",
                        "type": "text",
                        "maxlength": "12",
                        "minlength": "9",
                        "placeholder": "მობილურის ნომერი",
                        "required": "false",
                        "id": "cMobile",
                        "ng-model": "contact.mobile",
                        "visibility": "default",
                        "value": ""
                    },
                    {
                        "name": "phone",
                        "type": "text",
                        "maxlength": "13",
                        "minlength": "7",
                        "placeholder": "ტელეფონის ნომერი",
                        "required": "false",
                        "id": "cPhone",
                        "ng-model": "contact.phone",
                        "visibility": "default",
                        "value": ""
                    },
                    {
                        "name": "email",
                        "type": "email",
                        "maxlength": "50",
                        "minlength": "4",
                        "placeholder": "ელ-ფოსტა",
                        "required": "true",
                        "id": "cEmail",
                        "ng-model": "contact.email",
                        "visibility": "default",
                        "value": ""
                    },
                    {
                        "name": "addressGEO",
                        "type": "text",
                        "placeholder": "მისამართი",
                        "required": "false",
                        "id": "cAddressGEO",
                        "ng-model": "contact.addressGEO",
                        "visibility": "default",
                        "value": ""
                    }
                ]
            },
            "ENG": {
                "fields": [
                    {
                        "name": "gmapCoord",
                        "type": "text",
                        "placeholder": "Location",
                        "required": "false",
                        "id": "cgmapCoord",
                        "ng-model": "contact.gmapCoord",
                        "visibility": "default",
                        "value": ""
                    },
                    {
                        "name": "mobile",
                        "type": "text",
                        "maxlength": "12",
                        "minlength": "9",
                        "placeholder": "Mobile Number",
                        "required": "false",
                        "id": "cMobile",
                        "ng-model": "contact.mobile",
                        "visibility": "default",
                        "value": ""
                    },
                    {
                        "name": "phone",
                        "type": "text",
                        "maxlength": "13",
                        "minlength": "7",
                        "placeholder": "Phone Number",
                        "required": "false",
                        "id": "cPhone",
                        "ng-model": "contact.phone",
                        "visibility": "default",
                        "value": ""
                    },
                    {
                        "name": "email",
                        "type": "email",
                        "maxlength": "50",
                        "minlength": "4",
                        "placeholder": "E-mail",
                        "required": "true",
                        "id": "cEmail",
                        "ng-model": "contact.email",
                        "visibility": "default",
                        "value": ""
                    },
                    {
                        "name": "addressENG",
                        "type": "text",
                        "placeholder": "Address",
                        "required": "false",
                        "id": "cAddressENG",
                        "ng-model": "contact.addressENG",
                        "visibility": "default",
                        "value": ""
                    }
                ]
            },
            "RUS": {
                "fields": [
                    {
                        "name": "gmapCoord",
                        "type": "text",
                        "placeholder": "местоположение",
                        "required": "false",
                        "id": "cgmapCoord",
                        "ng-model": "contact.gmapCoord",
                        "visibility": "default",
                        "value": ""
                    },
                    {
                        "name": "mobile",
                        "type": "text",
                        "maxlength": "12",
                        "minlength": "9",
                        "placeholder": "Номер мобильного",
                        "required": "false",
                        "id": "cMobile",
                        "ng-model": "contact.mobile",
                        "visibility": "default",
                        "value": ""
                    },
                    {
                        "name": "phone",
                        "type": "text",
                        "maxlength": "13",
                        "minlength": "7",
                        "placeholder": "Номер телефона",
                        "required": "false",
                        "id": "cPhone",
                        "ng-model": "contact.phone",
                        "visibility": "default",
                        "value": ""
                    },
                    {
                        "name": "email",
                        "type": "email",
                        "maxlength": "50",
                        "minlength": "4",
                        "placeholder": "E-mail",
                        "required": "true",
                        "id": "cEmail",
                        "ng-model": "contact.email",
                        "visibility": "default",
                        "value": ""
                    },
                    {
                        "name": "addressRUS",
                        "type": "text",
                        "placeholder": "адрес",
                        "required": "false",
                        "id": "cAddressRUS",
                        "ng-model": "contact.addressRUS",
                        "visibility": "default",
                        "value": ""
                    }
                ]
            }
        }
    },
    "type": "contact"
}